Country,Country Code,Mlat Name,Treaty // URL
Algeria,DZ,"The Convention between the Government of the United Kingdom of Great 
Britain and Northern Ireland and the Government of the Peoples Democratic 
Republic of Algeria on Mutual Legal Assistance In Criminal Matters",http://webarchive.nationalarchives.gov.uk/20130104161243/http://www.fco.gov.uk/resources/en/pdf/3706546/3892733/21824849/TrTS182010AlgReadmission
Antigua and Barb,AG,"Agreement Between the Government of Canada and the Government of Antigua 
and Barbuda Regarding the Sharing of Forfeited or Confiscated Assets and 
Equivalent Funds",https://www.oas.org/juridico/mla/en/traites/en_traites-mla-can-atg.html
Antigua and Barb,AG,"Mutual Legal Assistance in Criminal Matters with Antigua and Barbuda, 
Dominica, Grenada and St. Lucia",http://www.oas.org/juridico/mla/en/traites/en_traites-mla-usa-lca.pdf
Argentina,AR,Agreement on the Abuse and Illicit Trafficking of Drugs,https://www.oas.org/juridico/mla/sp/traites/sp_arg_usa23920.html
Argentina,AR,Agreement on Trafficking in Narcotics,https://www.oas.org/juridico/mla/sp/traites/sp_arg_bra_24505.html
Argentina,AR,Convention on Legal Cooperation,https://www.oas.org/juridico/mla/sp/traites/sp_arg_uruguay22547.html
Argentina,AR,Convention on the Abuse and Illicit Trafficking of Narcotics,https://www.oas.org/juridico/mla/sp/traites/sp_arg_bol_23933.html
Argentina,AR,Convention on the International Protection of Children,https://www.oas.org/juridico/mla/sp/traites/sp_arg_uruguay22546.html
Argentina,AR,Treaty on Mutual Legal Assistance in Criminal Matters,https://www.oas.org/juridico/mla/en/traites/en_can_arg01.html
Argentina,AR,Convention on the Exchange of Information on Criminal Records,https://www.oas.org/juridico/mla/sp/traites/sp_arg_uruguay22332.html
Argentina,AR,"Agreement on Abuse Prevention and Repression of Illicit Traffic in 
Narcotic Drugs and Psychotropic Substances",https://www.oas.org/juridico/mla/sp/traites/sp_traites-mla-chl-arg-traffic.html
Argentina,AR,Agreement on Legal Assistance in Criminal Matters,https://www.oas.org/juridico/mla/sp/traites/sp_arg_col_25348.html
Argentina,AR,Traffic in Narcotic Drugs Convention,https://www.oas.org/juridico/mla/sp/traites/sp_arg_dom_24504.html
Argentina,AR,Convention on the Illicit Trafficking of Narcotics,https://www.oas.org/juridico/mla/sp/traites/sp_arg_ecu_24141.html
Argentina,AR,Convention on the Repression of the Trafficking of Narcotics,https://www.oas.org/juridico/mla/sp/traites/sp_arg_guatemala24542.html
Argentina,AR,"Agreement on Control and Repression of Illicit Trafficking in Narcotic 
Drugs, Psychotropic Substances, Precursors, and Essential Chemicals",http://www.oas.int/juridico/mla/sp/traites/sp_traites-mla-chl-bol-traffic.html
Argentina,AR,Convention on the Trafficking of Narcotics,https://www.oas.org/juridico/mla/sp/traites/sp_arg_jamaica24503.html
Argentina,AR,"Agreement of Cooperation for the Fight Against the Abuse and Illicit 
Trafficking of Narcotics and Psychotropic Substances",https://www.oas.org/juridico/mla/sp/traites/sp_arg_mexico24513.html
Argentina,AR,"Convention on the Prevention of the Illegal Use and Trafficking of 
Narcotics",https://www.oas.org/juridico/mla/sp/traites/sp_arg_nicaragua24419.html
Argentina,AR,"Treaty between the Government of Canada and the Government of the 
Argentine Republic on Mutual Assistance in Criminal Matters",http://www.treaty-accord.gc.ca/text-texte.aspx?id=103378
Argentina,AR,"Treaty Between the Government of Australia and the Government of the 
Argentine Republic on Mutual Assistance in Criminal Matters",http://www.austlii.edu.au/au/other/dfat/treaties/1993/6.html
Argentina,AR,"Convention on the Prevention and Repression of the Trafficking of 
Narcotics",https://www.oas.org/juridico/mla/sp/traites/sp_arg_panama24968.html
Argentina,AR,Convention on Legal Assistance,https://www.oas.org/juridico/mla/sp/traites/sp_arg_paraguay24847.html
Argentina,AR,Convention on the Illegal Use and Illicit Trafficking of Narcotics,https://www.oas.org/juridico/mla/sp/traites/sp_arg_paraguay23944.html
Argentina,AR,Agreement on Assistance in Criminal Matters,https://www.oas.org/juridico/mla/sp/traites/sp_arg_peru25307.html
Ashmore and Cartier Is,AT,"Treaty Between Australia and the Republic of Hungary on Mutual Assistance 
in Criminal Matters",http://www.austlii.edu.au/au/other/dfat/treaties/1997/14.html
Australia,AU,"Treaty Between Australia and the Republic of the Philippines on Mutual 
Assistance in Criminal Matters",http://www.austlii.edu.au/au/other/dfat/treaties/1993/37.html
Australia,AU,"Treaty Between Australia and Finland on Mutual Assistance in Criminal 
Matters",http://www.austlii.edu.au/au/other/dfat/treaties/1994/12.html
Australia,AU,"Treaty Between Australia and the Republic of Portugal on Mutual Assistance 
in Criminal Matters",http://www.austlii.edu.au/au/other/dfat/treaties/1994/25.html
Australia,AU,"Treaty Between the Government of Australia and the Government of the 
French Republic on Mutual Assistance in Criminal Matters",http://www.austlii.edu.au/au/other/dfat/treaties/1994/11.html
Australia,AU,"Treaty on Mutual Assistance in Criminal Matters Between Australia and the 
Kingdom of Spain",http://www.austlii.edu.au/au/other/dfat/treaties/1991/6.html
Australia,AU,"Treaty Between Australia and the Hellenic Republic (Greece) on Mutual 
Assistance in Criminal Matters",http://www.austlii.edu.au/au/other/dfat/treaties/2005/4.html
Australia,AU,"Treaty Between Australia and Sweden on Mutual Assistance in Criminal 
Matters",http://www.austlii.edu.au/au/other/dfat/treaties/2001/16.html
Australia,AU,"Agreement Between the Government of Australia and the Government of Hong 
Kong concerning Mutual Legal Assistance in Criminal Matters",http://www.austlii.edu.au/au/other/dfat/treaties/1999/20.html
Australia,AU,"Treaty Between Australia and Switzerland on Mutual Assistance in Criminal 
Matters",http://www.austlii.edu.au/au/other/dfat/treaties/1994/7.html
Australia,AU,"Treaty Between Australia and the Republic of Hungary on Mutual Assistance 
in Criminal Matters",http://www.austlii.edu.au/au/other/dfat/treaties/1997/14.html
Australia,AU,"Treaty Between Australia and the Kingdom of Thailand on Mutual Assistance 
in Criminal Matters",http://www.austlii.edu.au/au/other/dfat/treaties/2009/15.html
Australia,AU,"Treaty Between Australia and the Republic of India on Mutual Legal 
Assistance in Criminal Matters",http://www.austlii.edu.au/au/other/dfat/treaties/2011/10.html
Australia,AU,"Agreement Between the Government of Australia and the Government of the 
United Kingdom of Great Britain and Northern Ireland concerning the 
investigation, restraint and confiscation of the proceeds and instruments 
of crime",http://www.austlii.edu.au/au/other/dfat/treaties/2000/15.html
Australia,AU,"Treaty Between Australia and the Republic of Indonesia on Mutual 
Assistance in Criminal Matters",http://www.austlii.edu.au/au/other/dfat/treaties/1999/10.html
Australia,AU,"Treaty Between the Government of Australia and the Government of the 
United States of America on Mutual Assistance in Criminal Matters",http://www.austlii.edu.au/au/other/dfat/treaties/1999/19.html
Australia,AU,"Treaty Between the Government of Australia and the Government of the State 
of Israel on Mutual Legal Assistance in Criminal Matters",http://www.austlii.edu.au/au/other/dfat/treaties/1995/25.html
Australia,AU,"Treaty between the Government of Canada and the Government of Australia on 
Mutual Assistance in Criminal Matters",http://www.treaty-accord.gc.ca/text-texte.aspx?id=101627
Australia,AU,"Treaty on Mutual Assistance in Criminal Matters Between Australia and the 
Republic of Italy",http://www.austlii.edu.au/au/other/dfat/treaties/1994/5.html
Australia,AU,"Treaty Between Australia and the Republic of Korea on Mutual Assistance in 
Criminal Matters",http://www.austlii.edu.au/au/other/dfat/treaties/1993/34.html
Australia,AU,"Treaty Between the Government of the Republic of India and Australia on 
Mutual Legal Assistance in Criminal Matters",http://www.cbi.gov.in/interpol/mlat/Australia.doc
Australia,AU,"Treaty Between Australia and the Grand Duchy of Luxembourg on Mutual 
Assistance in Criminal Matters",http://www.austlii.edu.au/au/other/dfat/treaties/1994/14.html
Australia,AU,"Treaty Between the Government of Australia and the Government of the 
Argentine Republic on Mutual Assistance in Criminal Matters",http://www.austlii.edu.au/au/other/dfat/treaties/1993/6.html
Australia,AU,"Treaty between the Government of Australia and the Government of Malaysia 
on Mutual Assistance in Criminal Matters done at Putrajaya in Malaysia",http://www.austlii.edu.au/au/other/dfat/treaties/2006/21.html
Australia,AU,"Treaty Between Australia and the Government of the Republic of Austria on 
Mutual Assistance in Criminal Matters",http://www.austlii.edu.au/au/other/dfat/treaties/1990/36.html
Australia,AU,"Treaty Between the Government of Australia and the Government of Canada on 
Mutual Assistance in Criminal Matters",http://www.austlii.edu.au/au/other/dfat/treaties/1990/11.html
Australia,AU,"Treaty Between Australia and the United Mexican States on Mutual Legal 
Assistance in Criminal Matters",http://www.austlii.edu.au/au/other/dfat/treaties/1992/31.html
Australia,AU,"Treaty Between the Government of Australia and the Government of His 
Serene Highness the Prince of Monaco on Mutual Assistance in Criminal 
Matters",http://www.austlii.edu.au/au/other/dfat/treaties/2001/14.html
Australia,AU,"Treaty Between Australia and the People’s Republic of China on Mutual 
Legal Assistance in Criminal Matters",http://www.austlii.edu.au/au/other/dfat/treaties/2007/21.html
Australia,AU,"Treaty Between Australia and the Kingdom of the Netherlands on Mutual 
Assistance in Criminal Matters",http://www.austlii.edu.au/au/other/dfat/treaties/1991/20.html
Australia,AU,"Treaty Between the Government of Australia and the Government of the 
Republic of Ecuador on Mutual Assistance in Criminal Matters",http://www.austlii.edu.au/au/other/dfat/treaties/1997/27.html
Austria,AT,Treaty with Austria on Mutual Legal Assistance in Criminal Matters,http://www.gpo.gov/fdsys/pkg/CDOC-104tdoc21/html/CDOC-104tdoc21.htm
Austria,AT,"Treaty between Canada and the Republic of Austria on Mutual Assistance in 
Criminal Matters",http://www.treaty-accord.gc.ca/text-texte.aspx?id=101646
Austria,AT,"Treaty Between Australia and the Government of the Republic of Austria on 
Mutual Assistance in Criminal Matters",http://www.austlii.edu.au/au/other/dfat/treaties/1990/36.html
Azerbaijan,AZ,"Treaty Between the Republic of India and the Republic of Azerbaijan on 
Mutual Legal Assistancein Criminal Matters",http://cbi.nic.in/interpol/mlat/Azerbaijan.pdf
Bahamas,BS,"Department of Justice Treaty Between the Government of Canada and the 
Government of the Commonwealth of the Bahamas on Mutual Legal Assistance in 
Criminal Matter",http://www.oas.int/juridico/mla/en/traites/en_can-bah.html
Bahamas,BS,"Treaty Between the United States of America and the Commonwealth of the 
Bahamas on Mutual Assistance in Criminal Matters",https://www.oas.org/juridico/mla/en/traites/en_traites_bhs-usa.pdf
Bahamas,BS,"Treaty between the Government of Canada and the Government of the 
Commonwealth of the Bahamas on Mutual Legal Assistance in Criminal Matters",http://www.treaty-accord.gc.ca/text-texte.aspx?id=101626
Bahrain,BH,"Agreement Between the Republic of India and the Kingdom of Bahrain on 
Mutual Legal Assistance in Criminal Matters",http://cbi.nic.in/interpol/mlat/Baharin.pdf
Barbados,BB,Mutual Legal Assistance in Criminal Matters with Barbados,http://www.gpo.gov/fdsys/pkg/CDOC-105tdoc23/html/CDOC-105tdoc23.htm
Barbados,BB,"Agreement between the Government of Canada and the Government of Barbados 
Regarding the Sharing of Forfeited or Confiscated Assets and Equivalent 
Funds",http://www.oas.int/juridico/mla/en/traites/en_traites-mla-can-brb.html
Barbados,BB,Mutual Legal Assistance in Criminal Matters,http://www.oas.int/juridico/mla/en/traites/en_traites-mla-usa-brb.pdf
Barbados,BB,"Agreement between the Government of Canada and the Government of Barbados 
Regarding the Sharing of Foregeited or Confiscated Assets and Equivalent 
Funds",https://www.oas.org/juridico/mla/en/traites/en_traites-mla-can-brb.html
Belarus,BY,"Treaty Between the Republic of India and the Republic of Belarus on Mutual 
Legal Assistance in Criminal Matters",http://cbi.nic.in/interpol/mlat/Belarus.pdf
Belgium,BE,"Agreement Between the Government of the Hong Kong Special Administrative 
Region of the People's Republic of China and the Government of the Kingdom 
of Belgium Concerning Mutual Legal Assistance in Criminal Matters",http://www.legislation.gov.hk/blis_ind.nsf/e1bf50c09a33d3dc482564840019d2f4/6dec5341d6fcc1604825705000094dc3?OpenDocument
Belgium,BE,"Treaty between the Government of Canada and the Government of the Kingdom 
of Belgium on Mutual Legal Assistance in Criminal Matters",http://www.treaty-accord.gc.ca/text-texte.aspx?id=101645
Belize,BZ,Treaty with Belize on Mutual Legal Assistance in Criminal Matters,http://www.gpo.gov/fdsys/pkg/CDOC-107tdoc13/html/CDOC-107tdoc13.htm
Bermuda,BM,Mutual Legal Assistance Treaty with Bermuda,http://www.gpo.gov/fdsys/pkg/CDOC-111tdoc6/html/CDOC-111tdoc6.htm
Bolivia,BO,Convention on the Abuse and Illicit Trafficking of Narcotics,https://www.oas.org/juridico/mla/sp/traites/sp_arg_bol_23933.html
Bolivia,BO,"Agreement on Control and Repression of Illicit Trafficking in Narcotic 
Drugs, Psychotropic Substances, Precursors, and Essential Chemicals",http://www.oas.int/juridico/mla/sp/traites/sp_traites-mla-chl-bol-traffic.html
Bolivia,BO,Convention on Narcotic Drugs and Psychotropic,http://www.oas.int/juridico/mla/sp/traites/sp_traites-mla-ecu-bol.pdf
Bolivia,BO,Cooperation Treaty on Mutual Assistance in Criminal Matters,http://www.oas.int/juridico/mla/sp/mex/mex_bol_asist.pdf
Bolivia,BO,Convention on Mutual Assistance in Criminal Matters,http://www.oas.int/juridico/mla/sp/traites/sp_traites-bol-per-mla1997.html
Bolivia,BO,"Agreement on Cooperation to Prevent the Illicit Use of Precursors and 
Essential Chemical Substances used for the Illicit Production of Drugs and 
Psychotropic Substances",http://www.oas.org/juridico/mla/pt/traites/pt-traites-mla-bra-blv-5048.pdf
Bosnia and Herz,BA,"Treaty Between the Government of the Republic of India and Bosnia and 
Herzegovina on Mutual Legal Assistance in Criminal Matters",http://www.cbi.gov.in/interpol/mlat/Bosnia%20&%20Herzegovina.doc
Brazil,BR,"Agreement on Cooperation to Prevent the Illicit Use of Precursors and 
Essential Chemical Substances used for the Illicit Production of Drugs and 
Psychotropic Substances",http://www.oas.org/juridico/mla/pt/traites/pt-traites-mla-bra-col-3206.pdf
Brazil,BR,Agreement on Trafficking in Narcotics,https://www.oas.org/juridico/mla/sp/traites/sp_arg_bra_24505.html
Brazil,BR,"Agreement by Exchange of Notes for the Constitution of a Bilateral Work 
Group to Suppress Criminality and Terrorism",http://www.oas.org/juridico/mla/pt/traites/pt-traites-mla-bra-col-26062003.pdf
Brazil,BR,"Agreement on Cooperation for the Combat to Drug Trafficking and Chemical 
Dependency",http://www.oas.org/juridico/MLA/pt/bra/br_decreto_2466_acordo_brasil_m%C3%A9xico_combate_narcotr%C3%A1fico.pdf
Brazil,BR,"Agreement on Cooperation to Combat the Traffic of Aircrafts involved in 
illicit transnational activities",http://www.oas.org/juridico/mla/pt/traites/pt-traites-mla-bra-pry-4240.pdf
Brazil,BR,"Agreement on Legal Assistance in Criminal Matters Between the Government 
of the Federative Republic of Brazil and the Republic of Peru",http://www.oas.org/juridico/mla/pt/traites/pt-traites-mla-bra-per-3988.pdf
Brazil,BR,"Mutual Assistance Convention for the Suppression of the Illicit 
Trafficking of Addictive Drugs",http://www.oas.org/juridico/MLA/pt/bra/br_decreto_83142_conv%C3%AAnio_brasil_peru__tr%C3%A1fico_il%C3%ADcito_drogas.pdf
Brazil,BR,"Treaty between the Government of the United Kingdom of Great Britain and 
Northern Ireland and the Government of the Federative Republic of Brazil on 
Mutual Legal Assistance in Criminal Matters",http://webarchive.nationalarchives.gov.uk/20130104161243/http://www.fco.gov.uk/resources/en/pdf/3706546/3892733/533488882/270-Tr-BrazilMLA-TS
Brazil,BR,"Agreement on Cooperation to Prevent Consumption, Rehabilitation, 
Production Control and the Illicit Trafficking of Drugs and Psychotropic 
Substances and Related Offenses",http://www.oas.org/juridico/mla/pt/traites/pt-traites-mla-bra-per-4437.pdf
Brazil,BR,"Treaty Between the Government of the United States of America and the 
Government of the Federative Republic of Brazil on Mutual Legal Assistance 
in Criminal Matters",http://www.state.gov/documents/organization/106962.pdf
Brazil,BR,"Mutual Cooperation Agreement for Reducing Demand, Preventing Illicit Use 
and Combating Illicit Production and Trafficking of Drugs",http://www.oas.org/juridico/mla/pt/traites/pt-traites-mla-bra-usa-2242.pdf
Brazil,BR,"Agreement on Cooperation for Reducing Demand, Preventing Illicit Use and 
Combating Production and the Illicit Trafficking of Drugs and Psychotropic 
Substances and their Precursors and immediate Chemical Products",http://www.oas.org/juridico/mla/pt/traites/pt-traites-mla-bra-ury-1615.pdf
Brazil,BR,"Agreement on Prevention, Control, Suppression and Repression of the 
Illicit Use and Trafficking of Drugs and Psychotropic Substances",http://www.oas.org/juridico/mla/pt/traites/pt-traites-mla-bra-vnz-99758.pdf
Brazil,BR,"Agreement on Cooperation to Prevent the Illicit Use of Precursors and 
Essential Chemical Substances used for the Illicit Production of Drugs and 
Psychotropic Substances",http://www.oas.org/juridico/mla/pt/traites/pt-traites-mla-bra-blv-5048.pdf
Brazil,BR,"Agreement on Cooperation to Reduce the Demand, Prevent the Illegal Use and 
Combat the Production and Illicit Trafficking of Drugs and Psychotropic 
Substances",http://www.oas.org/juridico/MLA/pt/bra/br_decreto_604_acordo_brasil_chile_entorpecentes.pdf
Brazil,BR,"Agreement on Legal Cooperation and Mutual Assistance in Criminal Matters 
Between the Government of the Federative Republic of Brazil and the 
Government of the Republic of Colombia",http://www.oas.org/juridico/mla/pt/traites/pt-traites-mla-bra-col-3895.pdf
Brazil,BR,"Treaty between the Government of Canada and the Government of the 
Federative Republic of Brazil on Mutual Legal Assistance in Criminal 
Matters",http://www.treaty-accord.gc.ca/text-texte.aspx?id=101641
Bulgaria,BG,"Treaty on Mutual Legal Assistance in Criminal Matters Between the Republic 
of India and the Republic of Bulgaria",http://cbi.nic.in/interpol/mlat/Bulgaria.pdf
Bulgaria,BG,"Extradition Treaty with Bulgaria and an Agreement on Certain Aspects of 
Mutual Legal Assistance in Criminal Matters with Bulgaria",http://www.gpo.gov/fdsys/pkg/CDOC-110tdoc12/html/CDOC-110tdoc12.htm
Canada,CA,"Treaty between Canada and the People's Republic of China on Mutual Legal 
Assistance in Criminal Matters",http://www.treaty-accord.gc.ca/text-texte.aspx?id=101640
Canada,CA,"Treaty between Canada and the Republic of Poland on Mutual Legal 
Assistance in Criminal Matters",http://www.treaty-accord.gc.ca/text-texte.aspx?id=101634
Canada,CA,"Treaty between Canada and the Czech Republic on Mutual Assistance in 
Criminal Matters",http://www.treaty-accord.gc.ca/text-texte.aspx?id=101653
Canada,CA,"Treaty between Canada and the Republic of Portugal on Mutual Assistance in 
Criminal Matters",http://www.treaty-accord.gc.ca/text-texte.aspx?id=101650
Canada,CA,"Treaty between the Government of Canada and the Government of the Republic 
of France on Mutual Assistance in Penal Matters",http://www.treaty-accord.gc.ca/text-texte.aspx?id=101637
Canada,CA,"Treaty between the Government of Canada and the Government of Romania on 
Mutual Legal Assistance in Criminal Matters",http://www.treaty-accord.gc.ca/text-texte.aspx?id=101655
Canada,CA,Treaty on Mutual Legal Assistance in Criminal Matters,https://www.oas.org/juridico/mla/en/traites/en_can_arg01.html
Canada,CA,"Treaty between Canada and the Federal Republic of Germany on Mutual 
Assistance in Criminal Matters",http://www.treaty-accord.gc.ca/text-texte.aspx?id=104860
Canada,CA,"Treaty between Canada and the Russian Federation on Mutual Legal 
Assistance in Criminal Matters",http://www.treaty-accord.gc.ca/text-texte.aspx?id=101654
Canada,CA,"Treaty between the Government of Canada and the Government of the Hellenic 
Republic on Mutual Legal Assistance in Criminal Matters",http://www.treaty-accord.gc.ca/text-texte.aspx?id=102967
Canada,CA,"Department of Justice Treaty Between the Government of Canada and the 
Government of the Commonwealth of the Bahamas on Mutual Legal Assistance in 
Criminal Matter",http://www.oas.int/juridico/mla/en/traites/en_can-bah.html
Canada,CA,Treaty between Canada and Spain on Mutual Assistance in Criminal Matters,http://www.treaty-accord.gc.ca/text-texte.aspx?id=101633
Canada,CA,"Agreement between the Government of Canada and the Government of the Hong 
Kong Special Administrative Region of the People's Republic of China on 
Mutual Legal Assistance in Criminal Matters",http://www.treaty-accord.gc.ca/text-texte.aspx?id=103865
Canada,CA,"Treaty between the Government of Canada and the Government of Sweden on 
Mutual Assistance in Criminal Matters",http://www.treaty-accord.gc.ca/text-texte.aspx?id=103415
Canada,CA,"Treaty between Canada and the Republic of Hungary on Mutual Assistance in 
Criminal Matters",http://www.treaty-accord.gc.ca/text-texte.aspx?id=101644
Canada,CA,"Agreement between the Government of Canada and the Government of Barbados 
Regarding the Sharing of Forfeited or Confiscated Assets and Equivalent 
Funds",http://www.oas.int/juridico/mla/en/traites/en_traites-mla-can-brb.html
Canada,CA,"Treaty between Canada and the Swiss Confederation on Mutual Assistance in 
Criminal Matters",http://www.treaty-accord.gc.ca/text-texte.aspx?id=101631
Canada,CA,"Treaty between the Government of Canada and the Government of the Republic 
of India on Mutual Assistance in Criminal Matters",http://cbi.nic.in/interpol/mlat/Canada.pdf
Canada,CA,"Treaty between the Government of Canada and the Government of the Kingdom 
of Thailand on Mutual Legal Assistance in Criminal Matters",http://www.treaty-accord.gc.ca/text-texte.aspx?id=101628
Canada,CA,"Treaty between the Government of Canada and the Government of the State of 
Israel on Mutual Legal Assistance in Criminal Matters",http://www.treaty-accord.gc.ca/text-texte.aspx?id=103321
Canada,CA,"Treaty between the Government of Canada and the Government of the Republic 
of Trinidad and Tobago on Mutual Legal Assistance in Criminal Matters",http://www.treaty-accord.gc.ca/text-texte.aspx?id=101652
Canada,CA,"Treaty between Canada and the Republic of Italy on Mutual Assistance in 
Criminal Matters",http://www.treaty-accord.gc.ca/text-texte.aspx?id=101635
Canada,CA,"Treaty between the Government of Canada and the Government of Australia on 
Mutual Assistance in Criminal Matters",http://www.treaty-accord.gc.ca/text-texte.aspx?id=101627
Canada,CA,Treaty between Canada and Ukraine on Mutual Assistance in Criminal Matters,http://www.treaty-accord.gc.ca/text-texte.aspx?id=101647
Canada,CA,"Treaty between the Government of Canada and the Government of the Republic 
of South Africa on Mutual Legal Assistance in Criminal Matters",http://www.treaty-accord.gc.ca/text-texte.aspx?id=103349
Canada,CA,"Treaty between Canada and the Republic of Austria on Mutual Assistance in 
Criminal Matters",http://www.treaty-accord.gc.ca/text-texte.aspx?id=101646
Canada,CA,"A Treaty between the Government of Canada and the Government of the United 
Kingdom of Great Britain and Northern Ireland on Mutual Assistance in 
Criminal Matters (Drug Trafficking)",http://www.treaty-accord.gc.ca/text-texte.aspx?id=101632
Canada,CA,"Treaty between Canada and the Republic of Korea on Mutual Assistance in 
Criminal Matters",http://www.treaty-accord.gc.ca/text-texte.aspx?id=101642
Canada,CA,"Treaty between the Government of Canada and the Government of the 
Argentine Republic on Mutual Assistance in Criminal Matters",http://www.treaty-accord.gc.ca/text-texte.aspx?id=103378
Canada,CA,"Exchange of Notes constituting an Agreement amending the Treaty between 
the Government of Canada and the Government of the United Kingdom of Great 
Britain and Northern Ireland on Mutual Assistance in Criminal Matters (Drug 
Trafficking), done at Ottawa on",http://www.treaty-accord.gc.ca/text-texte.aspx?id=101639
Canada,CA,"Treaty between the Government of Canada and the Government of the United 
Mexican States on Mutual Legal Assistance in Criminal Matters",http://www.treaty-accord.gc.ca/text-texte.aspx?id=101629
Canada,CA,"Treaty between the Government of Canada and the Government of the 
Commonwealth of the Bahamas on Mutual Legal Assistance in Criminal Matters",http://www.treaty-accord.gc.ca/text-texte.aspx?id=101626
Canada,CA,"Treaty between the Government of Canada and the Government of the United 
States of America on Mutual Legal Assistance in Criminal Matters",http://www.treaty-accord.gc.ca/text-texte.aspx?id=101638
Canada,CA,"Treaty between Canada and the Kingdom of the Netherlands on Mutual 
Assistance in Criminal Matters",http://www.treaty-accord.gc.ca/text-texte.aspx?id=101636
Canada,CA,"Treaty between the Government of Canada and the Government of the Kingdom 
of Belgium on Mutual Legal Assistance in Criminal Matters",http://www.treaty-accord.gc.ca/text-texte.aspx?id=101645
Canada,CA,"Treaty Between the Government of Australia and the Government of Canada on 
Mutual Assistance in Criminal Matters",http://www.austlii.edu.au/au/other/dfat/treaties/1990/11.html
Canada,CA,"Treaty between Canada and the Oriental Republic of Uruguay on Mutual Legal 
Assistance in Criminal Matters",http://www.treaty-accord.gc.ca/text-texte.aspx?id=104615
Canada,CA,"Agreement Between the Government of Canada and the Government of Antigua 
and Barbuda Regarding the Sharing of Forfeited or Confiscated Assets and 
Equivalent Funds",https://www.oas.org/juridico/mla/en/traites/en_traites-mla-can-atg.html
Canada,CA,"Treaty between the Government of Canada and the Government of the Kingdom 
of Norway on Mutual Legal Assistance in Criminal Matters",http://www.treaty-accord.gc.ca/text-texte.aspx?id=103053
Canada,CA,"Agreement between the Government of Canada and the Government of Barbados 
Regarding the Sharing of Foregeited or Confiscated Assets and Equivalent 
Funds",https://www.oas.org/juridico/mla/en/traites/en_traites-mla-can-brb.html
Canada,CA,"Treaty between the Government of Canada and the Government of the 
Federative Republic of Brazil on Mutual Legal Assistance in Criminal 
Matters",http://www.treaty-accord.gc.ca/text-texte.aspx?id=101641
Canada,CA,"Treaty between the Government of Canada and the Government of the Republic 
of Peru on Mutual Legal Assistance in Criminal Matters",http://www.treaty-accord.gc.ca/text-texte.aspx?id=103416
Chile,CL,"Agreement on Abuse Prevention and Repression of Illicit Traffic in 
Narcotic Drugs and Psychotropic Substances",https://www.oas.org/juridico/mla/sp/traites/sp_traites-mla-chl-arg-traffic.html
Chile,CL,"Agreement on Control and Repression of Illicit Trafficking in Narcotic 
Drugs, Psychotropic Substances, Precursors, and Essential Chemicals",http://www.oas.int/juridico/mla/sp/traites/sp_traites-mla-chl-bol-traffic.html
Chile,CL,"Agreement on Cooperation to Reduce the Demand, Prevent the Illegal Use and 
Combat the Production and Illicit Trafficking of Drugs and Psychotropic 
Substances",http://www.oas.org/juridico/MLA/pt/bra/br_decreto_604_acordo_brasil_chile_entorpecentes.pdf
China,CN,"Treaty between Canada and the People's Republic of China on Mutual Legal 
Assistance in Criminal Matters",http://www.treaty-accord.gc.ca/text-texte.aspx?id=101640
China,CN,Treaty with Canada on Mutual Legal Assistance in Criminal Matters,http://www.state.gov/documents/organization/126977.pdf
China,CN,"Treaty Between Australia and the People’s Republic of China on Mutual 
Legal Assistance in Criminal Matters",http://www.austlii.edu.au/au/other/dfat/treaties/2007/21.html
Colombia,CO,"Agreement on Legal Cooperation and Mutual Assistance in Criminal Matters 
Between the Government of the Federative Republic of Brazil and the 
Government of the Republic of Colombia",http://www.oas.org/juridico/mla/pt/traites/pt-traites-mla-bra-col-3895.pdf
Colombia,CO,"Agreement on Cooperation to Prevent the Illicit Use of Precursors and 
Essential Chemical Substances used for the Illicit Production of Drugs and 
Psychotropic Substances",http://www.oas.org/juridico/mla/pt/traites/pt-traites-mla-bra-col-3206.pdf
Colombia,CO,"Agreement by Exchange of Notes for the Constitution of a Bilateral Work 
Group to Suppress Criminality and Terrorism",http://www.oas.org/juridico/mla/pt/traites/pt-traites-mla-bra-col-26062003.pdf
Colombia,CO,Agreement on Legal Assistance in Criminal Matters,https://www.oas.org/juridico/mla/sp/traites/sp_arg_col_25348.html
Cyprus,CY,Treaty with Cyprus on Mutual Legal Assistance in Criminal Matters,http://www.gpo.gov/fdsys/pkg/CDOC-106tdoc35/html/CDOC-106tdoc35.htm
Czech Rep,CZ,"Treaty between Canada and the Czech Republic on Mutual Assistance in 
Criminal Matters",http://www.treaty-accord.gc.ca/text-texte.aspx?id=101653
Czech Rep,CZ,Treaty with Czech Republic on Mutual Legal Assistance in Criminal Matters,http://www.gpo.gov/fdsys/pkg/CDOC-105tdoc47/html/CDOC-105tdoc47.htm
Denmark,DK,"Agreement Between the Government of the Hong Kong Special Administrative 
Region of the People's Republic of China and the Government of the Kingdom 
of Denmark Concerning Mutual Legal Assistance in Criminal Matters",http://www.legislation.gov.hk/BLIS_IND.nsf/E1BF50C09A33D3DC482564840019D2F4/CEA427D1389D11A24825705000094DC8?OpenDocument
Denmark,DK,"Agreement of 23 June 2005 with the United States on Mutual Legal 
Assistance",https://www.retsinformation.dk/Forms/R0710.aspx?id=130571
Denmark,DK,"Agreement of 23 December 2004 with the Hong Kong SAR on Mutual Assistance 
in Criminal Matters",https://www.retsinformation.dk/Forms/R0710.aspx?id=23113
Dominica,DM,"Mutual Legal Assistance in Criminal Matters with Antigua and Barbuda, 
Dominica, Grenada and St. Lucia",http://www.oas.org/juridico/mla/en/traites/en_traites-mla-usa-lca.pdf
Dominican Rep,DO,Traffic in Narcotic Drugs Convention,https://www.oas.org/juridico/mla/sp/traites/sp_arg_dom_24504.html
Ecuador,EC,"Treaty Between the Government of Australia and the Government of the 
Republic of Ecuador on Mutual Assistance in Criminal Matters",http://www.austlii.edu.au/au/other/dfat/treaties/1997/27.html
Ecuador,EC,Convention on the Illicit Trafficking of Narcotics,https://www.oas.org/juridico/mla/sp/traites/sp_arg_ecu_24141.html
Ecuador,EC,Convention on Narcotic Drugs and Psychotropic,http://www.oas.int/juridico/mla/sp/traites/sp_traites-mla-ecu-bol.pdf
Egypt,EG,Treaty with Egypt on Mutual Legal Assistance in Criminal Matters,http://www.gpo.gov/fdsys/pkg/CDOC-106tdoc19/html/CDOC-106tdoc19.htm
Estonia,EE,"Treaty Between the Government of the United States of America and 
Government of the Respublic of Estonia on Mutual Legal Assistance in 
Criminal Matters",http://www.state.gov/documents/organization/111632.pdf
Finland,FI,"Treaty Between Australia and Finland on Mutual Assistance in Criminal 
Matters",http://www.austlii.edu.au/au/other/dfat/treaties/1994/12.html
Finland,FI,"Agreement Between the Government of the Hong Kong Special Administrative 
Region of the People's Republic of China and the Government of the Republic 
of Finland Concerning Mutual Legal Assistance in Criminal Matters",http://www.legislation.gov.hk/blis_ind.nsf/CurAllEngDoc/788AA154C9799339482579A9002DD455?OpenDocument
France,FR,"Treaty Between the Government of Australia and the Government of the 
French Republic on Mutual Assistance in Criminal Matters",http://www.austlii.edu.au/au/other/dfat/treaties/1994/11.html
France,FR,"Treaty between the Government of Canada and the Government of the Republic 
of France on Mutual Assistance in Penal Matters",http://www.treaty-accord.gc.ca/text-texte.aspx?id=101637
France,FR,"Agreement Between the Government of Hong Kong and the Government of the 
Republic of France Concerning Mutual Legal Assistance in Criminal Matters",http://www.legislation.gov.hk/blis_ind.nsf/e1bf50c09a33d3dc482564840019d2f4/5d48bf81b626abbb482566e9000cd2ca?OpenDocument
France,FR,"Agreement Between the Government of the Republic of India and the 
Government of the French Republic Concerning Mutual Legal Assistance in 
Criminal Matters",http://cbi.nic.in/interpol/mlat/France.pdf
France,FR,"Treaty on Mutual Legal Assistance in Criminal Matters Between the United 
States of America and France",http://www.state.gov/documents/organization/121413.pdf
Germany,DE,"Treaty between Canada and the Federal Republic of Germany on Mutual 
Assistance in Criminal Matters",http://www.treaty-accord.gc.ca/text-texte.aspx?id=104860
Germany,DE,"Agreement Between the Government of the Hong Kong Special Administrative 
Region of the People's Republic of China and the Government of the Federal 
Republic of Germany Concerning Mutual Legal Assistance in Criminal Matters",http://www.legislation.gov.hk/blis_ind.nsf/e1bf50c09a33d3dc482564840019d2f4/c82669ebbfa1c2ac482572ae0035e0b5?OpenDocument
Germany,DE,Mutual Legal Assistance Treaty with Germany,http://www.gpo.gov/fdsys/pkg/CDOC-108tdoc27/html/CDOC-108tdoc27.htm
Greece,GR,"Treaty Between Australia and the Hellenic Republic (Greece) on Mutual 
Assistance in Criminal Matters",http://www.austlii.edu.au/au/other/dfat/treaties/2005/4.html
Greece,GR,"Treaty between the Government of Canada and the Government of the Hellenic 
Republic on Mutual Legal Assistance in Criminal Matters",http://www.treaty-accord.gc.ca/text-texte.aspx?id=102967
Greece,GR,"Treaty with the Hellenic Republic on Mutual Legal Assistance in Criminal 
Matters",http://www.gpo.gov/fdsys/pkg/CDOC-106tdoc18/html/CDOC-106tdoc18.htm
Grenada,GD,"Mutual Legal Assistance in Criminal Matters with Antigua and Barbuda, 
Dominica, Grenada and St. Lucia",http://www.oas.org/juridico/mla/en/traites/en_traites-mla-usa-lca.pdf
Grenada,GD,"Agreement between the UK and Grenada concening Mutual Assistance in 
relation to Drug Trafficking",http://webarchive.nationalarchives.gov.uk/20130104161243/http://www.fco.gov.uk/resources/en/pdf/pdf8/fco_pdf_cm5940_grenadadrugs
Guatemala,GT,Convention on the Repression of the Trafficking of Narcotics,https://www.oas.org/juridico/mla/sp/traites/sp_arg_guatemala24542.html
Hong Kong,HK,"Agreement Between the Government of the Hong Kong Special Administrative 
Region of the People's Republic of China and the Swiss Federal Council 
Concerning Mutual Legal Assistance in Criminal Matters",http://www.legislation.gov.hk/blis_ind.nsf/e1bf50c09a33d3dc482564840019d2f4/dd400fbf8ed388ab4825696300080abb?OpenDocument
Hong Kong,HK,"Agreement Between the Government of the Hong Kong Special Administrative 
Region of the People's Republic of China and the Government of New Zealand 
Concerning Mutual Legal Assistance in Criminal Matters",http://www.legislation.gov.hk/blis_ind.nsf/e1bf50c09a33d3dc482564840019d2f4/6e4c77047e1851cc482566e9000cd2cf?OpenDocument
Hong Kong,HK,"Agreement Between the Government of the Hong Kong Special Administrative 
Region of the People's Republic of China and Ukraine Concerning Mutual 
Legal Assistance in Criminal Matters",http://www.legislation.gov.hk/blis_ind.nsf/e1bf50c09a33d3dc482564840019d2f4/cbcff3180fe3296848256eb40014856b?OpenDocument
Hong Kong,HK,"Agreement Between the Government of the Hong Kong Special Administrative 
Region of the People's Republic of China and the Government of the Republic 
of the Philippines Concerning Mutual Legal Assistance in Criminal Matters",http://www.legislation.gov.hk/blis_ind.nsf/e1bf50c09a33d3dc482564840019d2f4/e403dd99dfe9764a48256b330029813e?OpenDocument
Hong Kong,HK,"Agreement Between the Government of the Hong Kong Special Administrative 
Region of the People's Republic of China and the Government of the United 
Kingdom of Great Britain and Northern Ireland Concerning Mutual Legal 
Assistance in Criminal Matters",http://www.legislation.gov.hk/blis_ind.nsf/e1bf50c09a33d3dc482564840019d2f4/0f7eef473ae8de23482566e3000a5f08?OpenDocument
Hong Kong,HK,"Agreement Between the Government of the Hong Kong Special Administrative 
Region of the People's Republic of China and the Government of the Republic 
of Poland Concerning Mutual Legal Assistance in Criminal Matters",http://www.legislation.gov.hk/blis_ind.nsf/e1bf50c09a33d3dc482564840019d2f4/3b3fda5d993561c4482571a30033b6ee?OpenDocument
Hong Kong,HK,"Agreement Between the Government of the Hong Kong Special Administrative 
Region of the People's Republic of China and the Government of the Kingdom 
of Belgium Concerning Mutual Legal Assistance in Criminal Matters",http://www.legislation.gov.hk/blis_ind.nsf/e1bf50c09a33d3dc482564840019d2f4/6dec5341d6fcc1604825705000094dc3?OpenDocument
Hong Kong,HK,"Agreement Between the Government of Hong Kong and the Government of the 
United States of America Concerning Mutual Legal Assistance in Criminal 
Matters",http://www.legislation.gov.hk/blis_ind.nsf/e1bf50c09a33d3dc482564840019d2f4/67f68f0dc056ed5b4825683a002999d2?OpenDocument
Hong Kong,HK,"Agreement Between the Government of the Hong Kong Special Administrative 
Region of the People's Republic of China and the Government of the Kingdom 
of Denmark Concerning Mutual Legal Assistance in Criminal Matters",http://www.legislation.gov.hk/BLIS_IND.nsf/E1BF50C09A33D3DC482564840019D2F4/CEA427D1389D11A24825705000094DC8?OpenDocument
Hong Kong,HK,"Agreement Between the Government of the Hong Kong Special Administrative 
Region of the People's Republic of China and the Government of the Republic 
of Finland Concerning Mutual Legal Assistance in Criminal Matters",http://www.legislation.gov.hk/blis_ind.nsf/CurAllEngDoc/788AA154C9799339482579A9002DD455?OpenDocument
Hong Kong,HK,"Agreement Between the Government of Australia and the Government of Hong 
Kong concerning Mutual Legal Assistance in Criminal Matters",http://www.austlii.edu.au/au/other/dfat/treaties/1999/20.html
Hong Kong,HK,"Agreement Between the Government of Hong Kong and the Government of the 
Republic of France Concerning Mutual Legal Assistance in Criminal Matters",http://www.legislation.gov.hk/blis_ind.nsf/e1bf50c09a33d3dc482564840019d2f4/5d48bf81b626abbb482566e9000cd2ca?OpenDocument
Hong Kong,HK,"Agreement between the Government of Canada and the Government of the Hong 
Kong Special Administrative Region of the People's Republic of China on 
Mutual Legal Assistance in Criminal Matters",http://www.treaty-accord.gc.ca/text-texte.aspx?id=103865
Hong Kong,HK,"Agreement of 23 December 2004 with the Hong Kong SAR on Mutual Assistance 
in Criminal Matters",https://www.retsinformation.dk/Forms/R0710.aspx?id=23113
Hong Kong,HK,"Agreement Between the Government of the Hong Kong Special Administrative 
Region of the People's Republic of China and the Government of the Federal 
Republic of Germany Concerning Mutual Legal Assistance in Criminal Matters",http://www.legislation.gov.hk/blis_ind.nsf/e1bf50c09a33d3dc482564840019d2f4/c82669ebbfa1c2ac482572ae0035e0b5?OpenDocument
Hong Kong,HK,"""Agreement between the Government of the Hong Kong Special Administrative 
Region of the People’s Republic of China and the Government of the Republic 
of India Concerning Mutual Legal Assistance in Criminal Matters""",http://www.legislation.gov.hk/blis_ind.nsf/E1BF50C09A33D3DC482564840019D2F4/E47E591EC3B5E2F1482578B500137F01?OpenDocument
Hong Kong,HK,"Agreement Between the Government of the Hong Kong Special Administrative 
Region of the People's Republic of China and the Government of the Republic 
of Indonesia Concerning Mutual Legal Assistance in Criminal Matters",http://www.legislation.gov.hk/blis_ind.nsf/CurAllEngDoc/0CDB25DADDF4FF8248257731002D038A?OpenDocument
Hong Kong,HK,"Agreement Between the Government of the Hong Kong Special Administrative 
Region of the People's Republic of China and the Government of Ireland 
Concerning Mutual Legal Assistance in Criminal Matters",http://www.legislation.gov.hk/blis_ind.nsf/E1BF50C09A33D3DC482564840019D2F4/9123D1AFEC6462DF48256D6E00327881?OpenDocument
Hong Kong,HK,"Agreement Between the Government of the Hong Kong Special Administrative 
Region of the People's Republic of China and the Government of the State of 
Israel Concerning Mutual Legal Assistance in Criminal Matters",http://www.legislation.gov.hk/blis_ind.nsf/e1bf50c09a33d3dc482564840019d2f4/8f303e78b9443704482571a30033b6e3?OpenDocument
Hong Kong,HK,"Agreement Between the Government of the Hong Kong Special Administrative 
Region of the People's Republic of China and the Government of the Italian 
Republic Concerning Mutual Legal Assistance in Criminal Matters",http://www.legislation.gov.hk/blis_ind.nsf/E1BF50C09A33D3DC482564840019D2F4/8AAFB6C94224AC26482568D3001701D6?OpenDocument
Hong Kong,HK,"Agreement Between the Government of the Hong Kong Special Administrative 
Region of the People's Republic of China and the Government of the 
Government of the Portugese Republic Concerning Mutual Legal Assistance in 
Criminal Matters",http://www.legislation.gov.hk/blis_ind.nsf/e1bf50c09a33d3dc482564840019d2f4/68b66f90dbd8ecdd48256b330029a212?OpenDocument
Hong Kong,HK,"Agreement Between the Government of the Hong Kong Special Administrative 
Region of the People's Republic of China and Japan Concerning Mutual Legal 
Assistance in Criminal Matters",http://www.legislation.gov.hk/blis_ind.nsf/E1BF50C09A33D3DC482564840019D2F4/E78A841736CC520E482576410010A0D3?OpenDocument
Hong Kong,HK,"Agreement Between the Government of the Hong Kong Special Administrative 
Region of the People's Republic of China and the Government of the Republic 
of Singapore Concerning Mutual Legal Assistance in Criminal Matters",http://www.legislation.gov.hk/blis_ind.nsf/e1bf50c09a33d3dc482564840019d2f4/4eebbe0f41f466f848256eb400152597?OpenDocument
Hong Kong,HK,"Agreement Between the Government of the Hong Kong Special Administrative 
Region of the People's Republic of China and the Government of the Republic 
of Korea Concerning Mutual Legal Assistance in Criminal Matters",http://www.legislation.gov.hk/blis_ind.nsf/e1bf50c09a33d3dc482564840019d2f4/0c018f171bdb78604825689f0014b201?OpenDocument
Hong Kong,HK,"Agreement between the Government of the Hong Kong Special Administrative 
Region of the People’s Republic of China and the Government of the Republic 
of South Africa Concerning Mutual Legal Assistance in Criminal Matters",http://www.legislation.gov.hk/blis_ind.nsf/E1BF50C09A33D3DC482564840019D2F4/FE5018ACA54DA970482577A000274C2E?OpenDocument
Hong Kong,HK,"Agreement Between the Government of the Hong Kong Special Administrative 
Region of the People's Republic of China and the Government of Malaysia 
Concerning Mutual Legal Assistance in Criminal Matters",http://www.legislation.gov.hk/blis_ind.nsf/E1BF50C09A33D3DC482564840019D2F4/38F7D20A59E399104825741000276417?OpenDocument
Hong Kong,HK,"Agreement Between the Government of the Hong Kong Special Administrative 
Region of the People's Republic of China and the Democratic Socialist 
Republic of Sri Lanka Concerning Mutual Legal Assistance in Criminal 
Matters",http://www.legislation.gov.hk/blis_ind.nsf/E1BF50C09A33D3DC482564840019D2F4/41D2434B598892DC48257731002D8851?OpenDocument
Hong Kong,HK,"Agreement Between the Government of the Hong Kong Special Administrative 
Region of the People's Republic of China and the Government of the Kingdom 
of the Netherlands Concerning Mutual Legal Assistance in Criminal Matters",http://www.legislation.gov.hk/blis_ind.nsf/e1bf50c09a33d3dc482564840019d2f4/1f6ca10e4a1e903048256dda0013b3f4?OpenDocument
Hungary,HU,Treaty with Hungary on Mutual Legal Assistance in Criminal Matters,http://www.gpo.gov/fdsys/pkg/CDOC-104tdoc20/html/CDOC-104tdoc20.htm
Hungary,HU,"Treaty Between Australia and the Republic of Hungary on Mutual Assistance 
in Criminal Matters",http://www.austlii.edu.au/au/other/dfat/treaties/1997/14.html
Hungary,HU,"Treaty between Canada and the Republic of Hungary on Mutual Assistance in 
Criminal Matters",http://www.treaty-accord.gc.ca/text-texte.aspx?id=101644
India,IN,"Treaty Between The Republic Of India And The Republic Of Kazakhstan On 
Mutual Legal Assistance In Criminal Matters",http://cbi.nic.in/interpol/mlat/Kazakhstan.pdf
India,IN,"Agreement on Mutual Legal Aid in Criminal Matters between Ukraine and the 
Republic of India",http://www.cbi.gov.in/interpol/mlat/ukraine.doc
India,IN,"Agreement Between the Republic of Indi and the State of Kuwait on Mutual 
Legal Assistance in Criminal Matters",http://cbi.nic.in/interpol/mlat/Kuwait.pdf
India,IN,"Treaty Between the Republic of India and the Russian Federation on Mutual 
Legal Assistance in Criminal Matters",http://cbi.nic.in/interpol/mlat/Russia.pdf
India,IN,"Treaty on Mutual Legal Assistance in Criminal Matters Between the Republic 
of Korea and the Republic of India",http://cbi.nic.in/interpol/mlat/SouthKorea.pdf
India,IN,"Treaty Between the Republic of India and the Republic of Azerbaijan on 
Mutual Legal Assistancein Criminal Matters",http://cbi.nic.in/interpol/mlat/Azerbaijan.pdf
India,IN,"Treaty Between The Republic of India and the Republic of Uzbekistan on 
Mutual Legal Assistance in Criminal Matters",http://cbi.nic.in/interpol/mlat/Uzbekistan.pdf
India,IN,"Agreement Between the Republic of India and the Kingdom of Bahrain on 
Mutual Legal Assistance in Criminal Matters",http://cbi.nic.in/interpol/mlat/Baharin.pdf
India,IN,"Treaty on Mutual Legal Assistance in Criminal Matters Between the Republic 
of India and the Republic of Bulgaria",http://cbi.nic.in/interpol/mlat/Bulgaria.pdf
India,IN,"Treaty Between the Government of the Republic of India and the Socialist 
Republic of Vietnam on Mutual Legal Assistance in Criminal Matters",http://cbi.nic.in/interpol/mlat/Vietnam.pdf
India,IN,"Treaty Between the Republic of India and the Republic of Belarus on Mutual 
Legal Assistance in Criminal Matters",http://cbi.nic.in/interpol/mlat/Belarus.pdf
India,IN,"Treaty Between The Republic Of India And Mongolia On Mutual Legal 
Assistance In Criminal Matters",http://www.oecd.org/site/adboecdanti-corruptioninitiative/40115880.pdf
India,IN,"Treaty Between the Government of the Republic of India and the Government 
of the United Mexican States on Mutual Legal Assistance in Criminal Matters",http://cbi.nic.in/interpol/mlat/Mexico.pdf
India,IN,"Agreement Between The Government Of The Republic Of India And The 
Government Of The Republic Of Singapore Concerning Mutual Legal Assistance 
In Criminal Matters",http://cbi.nic.in/interpol/mlat/Singapore.pdf
India,IN,"Treaty Between Australia and the Republic of India on Mutual Legal 
Assistance in Criminal Matters",http://www.austlii.edu.au/au/other/dfat/treaties/2011/10.html
India,IN,"Treaty Between the Government of the Republic of India and the Government 
of the Islamic Republic of Iran on Mutual Legal Assistance in Criminal 
Matters",http://www.cbi.gov.in/interpol/mlat/Iran.doc
India,IN,"""Agreement between the Government of the Hong Kong Special Administrative 
Region of the People’s Republic of China and the Government of the Republic 
of India Concerning Mutual Legal Assistance in Criminal Matters""",http://www.legislation.gov.hk/blis_ind.nsf/E1BF50C09A33D3DC482564840019D2F4/E47E591EC3B5E2F1482578B500137F01?OpenDocument
India,IN,"Treaty Between The Government Of The Republic Of India And The Government 
Of The Republic Of South Africa On Mutual Legal Assistance In Criminal 
Matters",http://cbi.nic.in/interpol/mlat/SouthAfrica.pdf
India,IN,"Treaty between the Government of Canada and the Government of the Republic 
of India on Mutual Assistance in Criminal Matters",http://cbi.nic.in/interpol/mlat/Canada.pdf
India,IN,"Treaty Between the Government of the Republic of India and Bosnia and 
Herzegovina on Mutual Legal Assistance in Criminal Matters",http://www.cbi.gov.in/interpol/mlat/Bosnia%20&%20Herzegovina.doc
India,IN,"Agreement Between The Republic Of India And The Kingdom Of Spain On Mutual 
Legal Assistance In Criminal Matters",http://cbi.nic.in/interpol/mlat/Spain.pdf
India,IN,"Treaty Between the Government of the Republic of India and the Democratic 
Socialist Republic of Sri Lanka on Mutual Legal Assistance in Criminal 
Matters",http://cbi.nic.in/interpol/mlat/SriLanka.pdf
India,IN,"Exchange of Letters Between India and Switzerland on Providing Mutual 
Assistance in Criminal Matters",http://cbi.nic.in/interpol/mlat/Switzerland.pdf
India,IN,"Treaty Between the Republic of India and the Republic of Tajikistan on 
Mutual Legal Assistance in Criminal Matters",http://cbi.nic.in/interpol/mlat/Tajikistan.pdf
India,IN,"Treaty Between the Government of the Republic of India and Australia on 
Mutual Legal Assistance in Criminal Matters",http://www.cbi.gov.in/interpol/mlat/Australia.doc
India,IN,"Treaty Between The Government Of The Republic Of India And The Government 
Of The Kingdom Of Thailand On Mutual Legal Assistance In Criminal Matters",http://cbi.nic.in/interpol/mlat/Thailand.pdf
India,IN,"Agreement On Mutual Assistance In Criminal Matters Between The Government 
Of The Republic Of Turkey And The Government Of The Republic Of India",http://cbi.nic.in/interpol/mlat/Turkey.pdf
India,IN,"Agreement Between The Government Of The Republic Of India And The 
Government Of The United Kingdom Of Great Britain And Northern Ireland 
Concerning The Investigation And Prosecution Of Crime And The Tracing, 
Restraint And Confiscation Of The Proceeds",http://cbi.nic.in/interpol/mlat/UnitedKingdom.pdf
India,IN,"Agreement Between The Government Of The Republic Of India And The 
Government Of The United Arab Emirates On Mutual Legal Assistance In 
Criminal Matters",http://cbi.nic.in/interpol/mlat/UnitedArabEmirates.pdf
India,IN,"Treaty Betwee the Government of the United States of America and the 
Government of the Republic of India on Mutual Legal Assistance in Criminal 
Matters",http://cbi.nic.in/interpol/mlat/UnitedStatesofAmerica.pdf
India,IN,"Agreement Between the Government of the Republic of India and the 
Government of the French Republic Concerning Mutual Legal Assistance in 
Criminal Matters",http://cbi.nic.in/interpol/mlat/France.pdf
Indonesia,ID,"Treaty Between Australia and the Republic of Indonesia on Mutual 
Assistance in Criminal Matters",http://www.austlii.edu.au/au/other/dfat/treaties/1999/10.html
Indonesia,ID,"Agreement Between the Government of the Hong Kong Special Administrative 
Region of the People's Republic of China and the Government of the Republic 
of Indonesia Concerning Mutual Legal Assistance in Criminal Matters",http://www.legislation.gov.hk/blis_ind.nsf/CurAllEngDoc/0CDB25DADDF4FF8248257731002D038A?OpenDocument
Iran,IR,"Treaty Between the Government of the Republic of India and the Government 
of the Islamic Republic of Iran on Mutual Legal Assistance in Criminal 
Matters",http://www.cbi.gov.in/interpol/mlat/Iran.doc
Ireland,IE,"Treaty Between the Government of the United States of America and the 
Government of Ireland on Mutual Legal Assistance in Criminal Matters",http://www.state.gov/documents/organization/129536.pdf
Ireland,IE,"Agreement between the UK and Ireland on Co-operation on Criminal Justice 
Matters",http://webarchive.nationalarchives.gov.uk/20130104161243/http://www.fco.gov.uk/resources/en/pdf/pdf11/fco_cm6601_irelandcriminalmatter
Ireland,IE,"Agreement Between the Government of the Hong Kong Special Administrative 
Region of the People's Republic of China and the Government of Ireland 
Concerning Mutual Legal Assistance in Criminal Matters",http://www.legislation.gov.hk/blis_ind.nsf/E1BF50C09A33D3DC482564840019D2F4/9123D1AFEC6462DF48256D6E00327881?OpenDocument
Israel,IL,"Treaty between the Government of Canada and the Government of the State of 
Israel on Mutual Legal Assistance in Criminal Matters",http://www.treaty-accord.gc.ca/text-texte.aspx?id=103321
Israel,IL,"Treaty Between the Government of Australia and the Government of the State 
of Israel on Mutual Legal Assistance in Criminal Matters",http://www.austlii.edu.au/au/other/dfat/treaties/1995/25.html
Israel,IL,"Agreement Between the Government of the Hong Kong Special Administrative 
Region of the People's Republic of China and the Government of the State of 
Israel Concerning Mutual Legal Assistance in Criminal Matters",http://www.legislation.gov.hk/blis_ind.nsf/e1bf50c09a33d3dc482564840019d2f4/8f303e78b9443704482571a30033b6e3?OpenDocument
Israel,IL,Treaty with Israel on Mutual Legal Assistance in Criminal Matters,http://www.gpo.gov/fdsys/pkg/CDOC-105tdoc40/html/CDOC-105tdoc40.htm
Italy,IT,"Treaty between Canada and the Republic of Italy on Mutual Assistance in 
Criminal Matters",http://www.treaty-accord.gc.ca/text-texte.aspx?id=101635
Italy,IT,"Treaty on Mutual Assistance in Criminal Matters Between Australia and the 
Republic of Italy",http://www.austlii.edu.au/au/other/dfat/treaties/1994/5.html
Italy,IT,"Agreement Between the Government of the Hong Kong Special Administrative 
Region of the People's Republic of China and the Government of the Italian 
Republic Concerning Mutual Legal Assistance in Criminal Matters",http://www.legislation.gov.hk/blis_ind.nsf/E1BF50C09A33D3DC482564840019D2F4/8AAFB6C94224AC26482568D3001701D6?OpenDocument
Jamaica,JM,Convention on the Trafficking of Narcotics,https://www.oas.org/juridico/mla/sp/traites/sp_arg_jamaica24503.html
Japan,JP,"Agreement Between the Government of the Hong Kong Special Administrative 
Region of the People's Republic of China and Japan Concerning Mutual Legal 
Assistance in Criminal Matters",http://www.legislation.gov.hk/blis_ind.nsf/E1BF50C09A33D3DC482564840019D2F4/E78A841736CC520E482576410010A0D3?OpenDocument
Japan,JP,Mutual Legal Assistance Treaty with Japan,http://www.gpo.gov/fdsys/pkg/CDOC-108tdoc12/html/CDOC-108tdoc12.htm
Kazakhstan,KZ,"Treaty Between The Republic Of India And The Republic Of Kazakhstan On 
Mutual Legal Assistance In Criminal Matters",http://cbi.nic.in/interpol/mlat/Kazakhstan.pdf
Korea,KR,"Treaty on Mutual Legal Assistance in Criminal Matters Between the Republic 
of Korea and the Republic of India",http://cbi.nic.in/interpol/mlat/SouthKorea.pdf
Korea,KR,"Treaty with the Republic of Korea on Mutual Legal Assistance in Criminal 
Matters",http://www.gpo.gov/fdsys/pkg/CDOC-104tdoc1/html/CDOC-104tdoc1.htm
Korea,KR,"Treaty Between Australia and the Republic of Korea on Mutual Assistance in 
Criminal Matters",http://www.austlii.edu.au/au/other/dfat/treaties/1993/34.html
Korea,KR,"Treaty between Canada and the Republic of Korea on Mutual Assistance in 
Criminal Matters",http://www.treaty-accord.gc.ca/text-texte.aspx?id=101642
Korea,KR,"Agreement Between the Government of the Hong Kong Special Administrative 
Region of the People's Republic of China and the Government of the Republic 
of Korea Concerning Mutual Legal Assistance in Criminal Matters",http://www.legislation.gov.hk/blis_ind.nsf/e1bf50c09a33d3dc482564840019d2f4/0c018f171bdb78604825689f0014b201?OpenDocument
Kosovo,XK,"Agreement on Mutual Legal Assistance in Criminal Matters Between the 
Government of the Republic of Kosovo and the Government of the Republic of 
Turkey",http://www.mfa-ks.net/repository/docs/Marr._Ks-Tur_(Per_Ceshtje_Penale)(anglisht).pdf
Kosovo,XK,"Agreement on Mutual Legal Assistance in Criminal Matters Between the 
Government of the Republic of Kosovo and the Government of the Republic of 
Macedonia",http://www.mfa-ks.net/repository/docs/Marr._Ks-Maq_(Ndihme_Ligjore)(anglisht).pdf
Kuwait,KW,"Agreement Between the Republic of Indi and the State of Kuwait on Mutual 
Legal Assistance in Criminal Matters",http://cbi.nic.in/interpol/mlat/Kuwait.pdf
Latvia,LV,Treaty with Latvia on Mutual Legal Assistance in Criminal Matters,http://www.gpo.gov/fdsys/pkg/CDOC-105tdoc34/html/CDOC-105tdoc34.htm
Liechtenstein,LI,Treaty with Liechtenstein on Mutual Legal Assistance in Criminal Matters,http://www.gpo.gov/fdsys/pkg/CDOC-107tdoc16/html/CDOC-107tdoc16.htm
Lithuania,LT,Treaty with Lithuania on Mutual Legal Assistance in Criminal Matters,http://www.gpo.gov/fdsys/pkg/CDOC-105tdoc41/html/CDOC-105tdoc41.htm
Luxembourg,LU,Mutual Legal Assistance Treaty with Luxembourg,http://www.gpo.gov/fdsys/pkg/CDOC-105tdoc11/html/CDOC-105tdoc11.htm
Luxembourg,LU,"Treaty Between Australia and the Grand Duchy of Luxembourg on Mutual 
Assistance in Criminal Matters",http://www.austlii.edu.au/au/other/dfat/treaties/1994/14.html
Macedonia,MK,"Agreement on Mutual Legal Assistance in Criminal Matters Between the 
Government of the Republic of Kosovo and the Government of the Republic of 
Macedonia",http://www.mfa-ks.net/repository/docs/Marr._Ks-Maq_(Ndihme_Ligjore)(anglisht).pdf
Malaysia,MY,"Treaty between the Government of the United Kingdom of Great Britain and 
Northern Ireland and the Government of Malaysia on Mutual Assistance in 
Criminal Matters",http://webarchive.nationalarchives.gov.uk/20130104161243/http://www.fco.gov.uk/resources/en/pdf/3706546/3892733/716290682/TrTS62012MalaysiaMut
Malaysia,MY,Treaty with Malaysia on Mutual Legal Assistance,http://www.gpo.gov/fdsys/pkg/CDOC-109tdoc22/html/CDOC-109tdoc22.htm
Malaysia,MY,"Treaty between the Government of Australia and the Government of Malaysia 
on Mutual Assistance in Criminal Matters done at Putrajaya in Malaysia",http://www.austlii.edu.au/au/other/dfat/treaties/2006/21.html
Malaysia,MY,"Agreement Between the Government of the Hong Kong Special Administrative 
Region of the People's Republic of China and the Government of Malaysia 
Concerning Mutual Legal Assistance in Criminal Matters",http://www.legislation.gov.hk/blis_ind.nsf/E1BF50C09A33D3DC482564840019D2F4/38F7D20A59E399104825741000276417?OpenDocument
Mexico,MX,"Agreement on Cooperation for the Combat to Drug Trafficking and Chemical 
Dependency",http://www.oas.org/juridico/MLA/pt/bra/br_decreto_2466_acordo_brasil_m%C3%A9xico_combate_narcotr%C3%A1fico.pdf
Mexico,MX,"Treaty Between the Government of the Republic of India and the Government 
of the United Mexican States on Mutual Legal Assistance in Criminal Matters",http://cbi.nic.in/interpol/mlat/Mexico.pdf
Mexico,MX,"Agreement of Cooperation for the Fight Against the Abuse and Illicit 
Trafficking of Narcotics and Psychotropic Substances",https://www.oas.org/juridico/mla/sp/traites/sp_arg_mexico24513.html
Mexico,MX,Cooperation Treaty on Mutual Assistance in Criminal Matters,http://www.oas.int/juridico/mla/sp/mex/mex_bol_asist.pdf
Mexico,MX,"Treaty between the Government of Canada and the Government of the United 
Mexican States on Mutual Legal Assistance in Criminal Matters",http://www.treaty-accord.gc.ca/text-texte.aspx?id=101629
Mexico,MX,"Treaty Between Australia and the United Mexican States on Mutual Legal 
Assistance in Criminal Matters",http://www.austlii.edu.au/au/other/dfat/treaties/1992/31.html
Monaco,MC,"Treaty Between the Government of Australia and the Government of His 
Serene Highness the Prince of Monaco on Mutual Assistance in Criminal 
Matters",http://www.austlii.edu.au/au/other/dfat/treaties/2001/14.html
Mongolia,MN,"Treaty Between The Republic Of India And Mongolia On Mutual Legal 
Assistance In Criminal Matters",http://www.oecd.org/site/adboecdanti-corruptioninitiative/40115880.pdf
Netherlands,NL,"Treaty Between Australia and the Kingdom of the Netherlands on Mutual 
Assistance in Criminal Matters",http://www.austlii.edu.au/au/other/dfat/treaties/1991/20.html
Netherlands,NL,"Treaty between Canada and the Kingdom of the Netherlands on Mutual 
Assistance in Criminal Matters",http://www.treaty-accord.gc.ca/text-texte.aspx?id=101636
Netherlands,NL,"Agreement Between the Government of the Hong Kong Special Administrative 
Region of the People's Republic of China and the Government of the Kingdom 
of the Netherlands Concerning Mutual Legal Assistance in Criminal Matters",http://www.legislation.gov.hk/blis_ind.nsf/e1bf50c09a33d3dc482564840019d2f4/1f6ca10e4a1e903048256dda0013b3f4?OpenDocument
New Zealand,NZ,"Agreement Between the Government of the Hong Kong Special Administrative 
Region of the People's Republic of China and the Government of New Zealand 
Concerning Mutual Legal Assistance in Criminal Matters",http://www.legislation.gov.hk/blis_ind.nsf/e1bf50c09a33d3dc482564840019d2f4/6e4c77047e1851cc482566e9000cd2cf?OpenDocument
Nicaragua,NI,"Convention on the Prevention of the Illegal Use and Trafficking of 
Narcotics",https://www.oas.org/juridico/mla/sp/traites/sp_arg_nicaragua24419.html
Norway,NO,"Treaty between the Government of Canada and the Government of the Kingdom 
of Norway on Mutual Legal Assistance in Criminal Matters",http://www.treaty-accord.gc.ca/text-texte.aspx?id=103053
Panama,PA,"Convention on the Prevention and Repression of the Trafficking of 
Narcotics",https://www.oas.org/juridico/mla/sp/traites/sp_arg_panama24968.html
Paraguay,PY,"Agreement on Cooperation to Combat the Traffic of Aircrafts involved in 
illicit transnational activities",http://www.oas.org/juridico/mla/pt/traites/pt-traites-mla-bra-pry-4240.pdf
Paraguay,PY,Convention on Legal Assistance,https://www.oas.org/juridico/mla/sp/traites/sp_arg_paraguay24847.html
Paraguay,PY,Convention on the Illegal Use and Illicit Trafficking of Narcotics,https://www.oas.org/juridico/mla/sp/traites/sp_arg_paraguay23944.html
Peru,PE,Agreement on Assistance in Criminal Matters,https://www.oas.org/juridico/mla/sp/traites/sp_arg_peru25307.html
Peru,PE,"Treaty between the Government of Canada and the Government of the Republic 
of Peru on Mutual Legal Assistance in Criminal Matters",http://www.treaty-accord.gc.ca/text-texte.aspx?id=103416
Peru,PE,"Agreement on Legal Assistance in Criminal Matters Between the Government 
of the Federative Republic of Brazil and the Republic of Peru",http://www.oas.org/juridico/mla/pt/traites/pt-traites-mla-bra-per-3988.pdf
Peru,PE,"Mutual Assistance Convention for the Suppression of the Illicit 
Trafficking of Addictive Drugs",http://www.oas.org/juridico/MLA/pt/bra/br_decreto_83142_conv%C3%AAnio_brasil_peru__tr%C3%A1fico_il%C3%ADcito_drogas.pdf
Peru,PE,"Agreement on Cooperation to Prevent Consumption, Rehabilitation, 
Production Control and the Illicit Trafficking of Drugs and Psychotropic 
Substances and Related Offenses",http://www.oas.org/juridico/mla/pt/traites/pt-traites-mla-bra-per-4437.pdf
Peru,PE,"Agreement on Legal Assistance in Criminal Matters Between the Government 
of the Federative Republic of Brazil and the Government of the United 
States of America",http://www.oas.org/juridico/MLA/pt/bra/br_mlat_br_us_en.pdf
Peru,PE,Convention on Mutual Assistance in Criminal Matters,http://www.oas.int/juridico/mla/sp/traites/sp_traites-bol-per-mla1997.html
Philippines,PH,"Treaty Between Australia and the Republic of the Philippines on Mutual 
Assistance in Criminal Matters",http://www.austlii.edu.au/au/other/dfat/treaties/1993/37.html
Philippines,PH,"Agreement Between the Government of the Hong Kong Special Administrative 
Region of the People's Republic of China and the Government of the Republic 
of the Philippines Concerning Mutual Legal Assistance in Criminal Matters",http://www.legislation.gov.hk/blis_ind.nsf/e1bf50c09a33d3dc482564840019d2f4/e403dd99dfe9764a48256b330029813e?OpenDocument
Philippines,PH,Treaty with the Philippines on Mutual Legal Assistance in Criminal Matters,http://www.gpo.gov/fdsys/pkg/CDOC-104tdoc18/html/CDOC-104tdoc18.htm
Philippines,PH,"Treaty on Mutual Legal Assistance in Criminal Matters between the 
Government of the United Kingdom of Great Britain and Northern Ireland and 
the Government of the Republic of the Philippines",http://webarchive.nationalarchives.gov.uk/20130104161243/http://www.fco.gov.uk/resources/en/pdf/3706546/3892733/716290682/790573882
Poland,PL,"Treaty between Canada and the Republic of Poland on Mutual Legal 
Assistance in Criminal Matters",http://www.treaty-accord.gc.ca/text-texte.aspx?id=101634
Poland,PL,Mutual Legal Assistance Treaty with Poland,http://www.gpo.gov/fdsys/pkg/CDOC-105tdoc12/html/CDOC-105tdoc12.htm
Poland,PL,"Agreement Between the Government of the Hong Kong Special Administrative 
Region of the People's Republic of China and the Government of the Republic 
of Poland Concerning Mutual Legal Assistance in Criminal Matters",http://www.legislation.gov.hk/blis_ind.nsf/e1bf50c09a33d3dc482564840019d2f4/3b3fda5d993561c4482571a30033b6ee?OpenDocument
Portugal,PT,"Treaty between Canada and the Republic of Portugal on Mutual Assistance in 
Criminal Matters",http://www.treaty-accord.gc.ca/text-texte.aspx?id=101650
Portugal,PT,"Treaty Between Australia and the Republic of Portugal on Mutual Assistance 
in Criminal Matters",http://www.austlii.edu.au/au/other/dfat/treaties/1994/25.html
Portugal,PT,"Agreement Between the Government of the Hong Kong Special Administrative 
Region of the People's Republic of China and the Government of the 
Government of the Portugese Republic Concerning Mutual Legal Assistance in 
Criminal Matters",http://www.legislation.gov.hk/blis_ind.nsf/e1bf50c09a33d3dc482564840019d2f4/68b66f90dbd8ecdd48256b330029a212?OpenDocument
Romania,RO,"Treaty between the Government of Canada and the Government of Romania on 
Mutual Legal Assistance in Criminal Matters",http://www.treaty-accord.gc.ca/text-texte.aspx?id=101655
Romania,RO,Treaty with Romania on Mutual Legal Assistance in Criminal Matters,http://www.gpo.gov/fdsys/pkg/CDOC-106tdoc20/html/CDOC-106tdoc20.htm
Romania,RO,"Extradition Treaty with Romania and Protocol to the Treaty on Mutual Legal 
Assistance in Criminal Matters with Romania",http://www.gpo.gov/fdsys/pkg/CDOC-110tdoc11/html/CDOC-110tdoc11.htm
Russia,RU,"Treaty Between the Republic of India and the Russian Federation on Mutual 
Legal Assistance in Criminal Matters",http://cbi.nic.in/interpol/mlat/Russia.pdf
Russia,RU,Treaty with Russia on Mutual Legal Assistance in Criminal Matters,http://www.gpo.gov/fdsys/pkg/CDOC-106tdoc22/html/CDOC-106tdoc22.htm
Russia,RU,"Treaty between Canada and the Russian Federation on Mutual Legal 
Assistance in Criminal Matters",http://www.treaty-accord.gc.ca/text-texte.aspx?id=101654
Singapore,SG,"Agreement Between The Government Of The Republic Of India And The 
Government Of The Republic Of Singapore Concerning Mutual Legal Assistance 
In Criminal Matters",http://cbi.nic.in/interpol/mlat/Singapore.pdf
Singapore,SG,"Agreement Between the Government of the Hong Kong Special Administrative 
Region of the People's Republic of China and the Government of the Republic 
of Singapore Concerning Mutual Legal Assistance in Criminal Matters",http://www.legislation.gov.hk/blis_ind.nsf/e1bf50c09a33d3dc482564840019d2f4/4eebbe0f41f466f848256eb400152597?OpenDocument
South Africa,ZA,Mutual Legal Assistance Treaty Between United States and South Africa,http://www.state.gov/documents/organization/124466.pdf
South Africa,ZA,"Treaty Between The Government Of The Republic Of India And The Government 
Of The Republic Of South Africa On Mutual Legal Assistance In Criminal 
Matters",http://cbi.nic.in/interpol/mlat/SouthAfrica.pdf
South Africa,ZA,"Treaty between the Government of Canada and the Government of the Republic 
of South Africa on Mutual Legal Assistance in Criminal Matters",http://www.treaty-accord.gc.ca/text-texte.aspx?id=103349
South Africa,ZA,"Agreement between the Government of the Hong Kong Special Administrative 
Region of the People’s Republic of China and the Government of the Republic 
of South Africa Concerning Mutual Legal Assistance in Criminal Matters",http://www.legislation.gov.hk/blis_ind.nsf/E1BF50C09A33D3DC482564840019D2F4/FE5018ACA54DA970482577A000274C2E?OpenDocument
Spain,ES,"Treaty on Mutual Assistance in Criminal Matters Between Australia and the 
Kingdom of Spain",http://www.austlii.edu.au/au/other/dfat/treaties/1991/6.html
Spain,ES,Treaty between Canada and Spain on Mutual Assistance in Criminal Matters,http://www.treaty-accord.gc.ca/text-texte.aspx?id=101633
Spain,ES,"Agreement Between The Republic Of India And The Kingdom Of Spain On Mutual 
Legal Assistance In Criminal Matters",http://cbi.nic.in/interpol/mlat/Spain.pdf
Sri Lanka,LK,"Treaty Between the Government of the Republic of India and the Democratic 
Socialist Republic of Sri Lanka on Mutual Legal Assistance in Criminal 
Matters",http://cbi.nic.in/interpol/mlat/SriLanka.pdf
Sri Lanka,LK,"Agreement Between the Government of the Hong Kong Special Administrative 
Region of the People's Republic of China and the Democratic Socialist 
Republic of Sri Lanka Concerning Mutual Legal Assistance in Criminal 
Matters",http://www.legislation.gov.hk/blis_ind.nsf/E1BF50C09A33D3DC482564840019D2F4/41D2434B598892DC48257731002D8851?OpenDocument
St Kitts and Nevis,KN,"Treaty with Saint Kitts and Nevis on Mutual Legal Assistance in Criminal 
Matters",http://www.gpo.gov/fdsys/pkg/CDOC-105tdoc37/html/CDOC-105tdoc37.htm
St Vin and Gren,VC,"Treaty with St. Vincent and the Grenadines on Mutual Legal Assistance in 
Criminal Matters",http://www.gpo.gov/fdsys/pkg/CDOC-105tdoc44/html/CDOC-105tdoc44.htm
Sweden,SE,Treaty with Sweden on Mutual Legal Assistance in Criminal Matters,http://www.gpo.gov/fdsys/pkg/CDOC-107tdoc12/html/CDOC-107tdoc12.htm
Sweden,SE,"Agreement with the United States on Mutual Legal Assistance in Criminal 
Matters",http://www.regeringen.se/sb/d/12315/a/139361
Sweden,SE,"Treaty Between Australia and Sweden on Mutual Assistance in Criminal 
Matters",http://www.austlii.edu.au/au/other/dfat/treaties/2001/16.html
Sweden,SE,"Treaty between the Government of Canada and the Government of Sweden on 
Mutual Assistance in Criminal Matters",http://www.treaty-accord.gc.ca/text-texte.aspx?id=103415
Switzerland,CH,"Treaty Between Australia and Switzerland on Mutual Assistance in Criminal 
Matters",http://www.austlii.edu.au/au/other/dfat/treaties/1994/7.html
Switzerland,CH,"Treaty between Canada and the Swiss Confederation on Mutual Assistance in 
Criminal Matters",http://www.treaty-accord.gc.ca/text-texte.aspx?id=101631
Switzerland,CH,"Mutual Legal Assistance Treaty With Switzerland Mutual Assistance in 
Criminal Matters",http://www.rhf.admin.ch/etc/medialib/data/rhf/recht.Par.0010.File.tmp/sr0-351-933-6-e.pdf
Switzerland,CH,"Exchange of Letters Between India and Switzerland on Providing Mutual 
Assistance in Criminal Matters",http://cbi.nic.in/interpol/mlat/Switzerland.pdf
Switzerland,CH,"Agreement Between the Government of the Hong Kong Special Administrative 
Region of the People's Republic of China and the Swiss Federal Council 
Concerning Mutual Legal Assistance in Criminal Matters",http://www.legislation.gov.hk/blis_ind.nsf/e1bf50c09a33d3dc482564840019d2f4/dd400fbf8ed388ab4825696300080abb?OpenDocument
Tajikistan,TJ,"Treaty Between the Republic of India and the Republic of Tajikistan on 
Mutual Legal Assistance in Criminal Matters",http://cbi.nic.in/interpol/mlat/Tajikistan.pdf
Thailand,TH,"Treaty Between Australia and the Kingdom of Thailand on Mutual Assistance 
in Criminal Matters",http://www.austlii.edu.au/au/other/dfat/treaties/2009/15.html
Thailand,TH,"Treaty between the Government of Canada and the Government of the Kingdom 
of Thailand on Mutual Legal Assistance in Criminal Matters",http://www.treaty-accord.gc.ca/text-texte.aspx?id=101628
Thailand,TH,"Treaty Between The Government Of The Republic Of India And The Government 
Of The Kingdom Of Thailand On Mutual Legal Assistance In Criminal Matters",http://cbi.nic.in/interpol/mlat/Thailand.pdf
Trinidad and Tobago,TT,Mutual Legal Assistance in Criminal Matters with Trinidad and Tobago,http://www.gpo.gov/fdsys/pkg/CDOC-105tdoc22/html/CDOC-105tdoc22.htm
Trinidad and Tobago,TT,"Treaty between the Government of Canada and the Government of the Republic 
of Trinidad and Tobago on Mutual Legal Assistance in Criminal Matters",http://www.treaty-accord.gc.ca/text-texte.aspx?id=101652
Turkey,TR,"Agreement on Mutual Legal Assistance in Criminal Matters Between the 
Government of the Republic of Kosovo and the Government of the Republic of 
Turkey",http://www.mfa-ks.net/repository/docs/Marr._Ks-Tur_(Per_Ceshtje_Penale)(anglisht).pdf
Turkey,TR,"Agreement On Mutual Assistance In Criminal Matters Between The Government 
Of The Republic Of Turkey And The Government Of The Republic Of India",http://cbi.nic.in/interpol/mlat/Turkey.pdf
Ukraine,UA,"Agreement Between the Government of the Hong Kong Special Administrative 
Region of the People's Republic of China and Ukraine Concerning Mutual 
Legal Assistance in Criminal Matters",http://www.legislation.gov.hk/blis_ind.nsf/e1bf50c09a33d3dc482564840019d2f4/cbcff3180fe3296848256eb40014856b?OpenDocument
Ukraine,UA,"Agreement on Mutual Legal Aid in Criminal Matters between Ukraine and the 
Republic of India",http://www.cbi.gov.in/interpol/mlat/ukraine.doc
Ukraine,UA,Treaty with Ukraine on Mutual Legal Assistance in Criminal Matters,http://www.gpo.gov/fdsys/pkg/CDOC-106tdoc16/html/CDOC-106tdoc16.htm
Ukraine,UA,Treaty between Canada and Ukraine on Mutual Assistance in Criminal Matters,http://www.treaty-accord.gc.ca/text-texte.aspx?id=101647
United Arab Emirates,AE,"Treaty between the United Kingdom of Great Britain and Northern Ireland 
and the United Arab Emirates on Mutual Legal Assistance in Criminal Matters",http://webarchive.nationalarchives.gov.uk/20130104161243/http://www.fco.gov.uk/resources/en/pdf/3706546/3892733/3892739/ts-5-2008
United Arab Emirates,AE,"Agreement Between The Government Of The Republic Of India And The 
Government Of The United Arab Emirates On Mutual Legal Assistance In 
Criminal Matters",http://cbi.nic.in/interpol/mlat/UnitedArabEmirates.pdf
United Kingdom,GB,"Agreement Between the Government of the Hong Kong Special Administrative 
Region of the People's Republic of China and the Government of the United 
Kingdom of Great Britain and Northern Ireland Concerning Mutual Legal 
Assistance in Criminal Matters",http://www.legislation.gov.hk/blis_ind.nsf/e1bf50c09a33d3dc482564840019d2f4/0f7eef473ae8de23482566e3000a5f08?OpenDocument
United Kingdom,GB,"The Convention between the Government of the United Kingdom of Great 
Britain and Northern Ireland and the Government of the Peoples Democratic 
Republic of Algeria on Mutual Legal Assistance In Criminal Matters",http://webarchive.nationalarchives.gov.uk/20130104161243/http://www.fco.gov.uk/resources/en/pdf/3706546/3892733/21824849/TrTS182010AlgReadmission
United Kingdom,GB,"Treaty between the Government of the United Kingdom of Great Britain and 
Northern Ireland and the Government of the Federative Republic of Brazil on 
Mutual Legal Assistance in Criminal Matters",http://webarchive.nationalarchives.gov.uk/20130104161243/http://www.fco.gov.uk/resources/en/pdf/3706546/3892733/533488882/270-Tr-BrazilMLA-TS
United Kingdom,GB,"Agreement Between the Government of Australia and the Government of the 
United Kingdom of Great Britain and Northern Ireland concerning the 
investigation, restraint and confiscation of the proceeds and instruments 
of crime",http://www.austlii.edu.au/au/other/dfat/treaties/2000/15.html
United Kingdom,GB,"Treaty with the United Kingdom on Mutual Legal Assistance in Criminal 
Matters",http://www.gpo.gov/fdsys/pkg/CDOC-104tdoc2/html/CDOC-104tdoc2.htm
United Kingdom,GB,"Agreement between the UK and Grenada concening Mutual Assistance in 
relation to Drug Trafficking",http://webarchive.nationalarchives.gov.uk/20130104161243/http://www.fco.gov.uk/resources/en/pdf/pdf8/fco_pdf_cm5940_grenadadrugs
United Kingdom,GB,"Agreement between the UK and Ireland on Co-operation on Criminal Justice 
Matters",http://webarchive.nationalarchives.gov.uk/20130104161243/http://www.fco.gov.uk/resources/en/pdf/pdf11/fco_cm6601_irelandcriminalmatter
United Kingdom,GB,"Treaty between the Government of the United Kingdom of Great Britain and 
Northern Ireland and the Government of Malaysia on Mutual Assistance in 
Criminal Matters",http://webarchive.nationalarchives.gov.uk/20130104161243/http://www.fco.gov.uk/resources/en/pdf/3706546/3892733/716290682/TrTS62012MalaysiaMut
United Kingdom,GB,"Treaty on Mutual Legal Assistance in Criminal Matters between the 
Government of the United Kingdom of Great Britain and Northern Ireland and 
the Government of the Republic of the Philippines",http://webarchive.nationalarchives.gov.uk/20130104161243/http://www.fco.gov.uk/resources/en/pdf/3706546/3892733/716290682/790573882
United Kingdom,GB,"A Treaty between the Government of Canada and the Government of the United 
Kingdom of Great Britain and Northern Ireland on Mutual Assistance in 
Criminal Matters (Drug Trafficking)",http://www.treaty-accord.gc.ca/text-texte.aspx?id=101632
United Kingdom,GB,"Exchange of Notes constituting an Agreement amending the Treaty between 
the Government of Canada and the Government of the United Kingdom of Great 
Britain and Northern Ireland on Mutual Assistance in Criminal Matters (Drug 
Trafficking), done at Ottawa on",http://www.treaty-accord.gc.ca/text-texte.aspx?id=101639
United Kingdom,GB,"Treaty between the United Kingdom of Great Britain and Northern Ireland 
and the United Arab Emirates on Mutual Legal Assistance in Criminal Matters",http://webarchive.nationalarchives.gov.uk/20130104161243/http://www.fco.gov.uk/resources/en/pdf/3706546/3892733/3892739/ts-5-2008
United Kingdom,GB,"Treaty between the United Kingdom of Great Britain and Northern Ireland 
and the Socialist Republic of Vietnam on Mutual Legal Assistance in 
Criminal Matters",http://webarchive.nationalarchives.gov.uk/20130104161243/http://www.fco.gov.uk/resources/en/pdf/3706546/3892733/21824849/Tr_VietnamMLA_July2010
United Kingdom,GB,"Agreement Between The Government Of The Republic Of India And The 
Government Of The United Kingdom Of Great Britain And Northern Ireland 
Concerning The Investigation And Prosecution Of Crime And The Tracing, 
Restraint And Confiscation Of The Proceeds",http://cbi.nic.in/interpol/mlat/UnitedKingdom.pdf
United States,US,Mutual Legal Assistance Treaty Between United States and South Africa,http://www.state.gov/documents/organization/124466.pdf
United States,US,"Treaty Betwee the Government of the United States of America and the 
Government of the Republic of India on Mutual Legal Assistance in Criminal 
Matters",http://cbi.nic.in/interpol/mlat/UnitedStatesofAmerica.pdf
United States,US,Treaty with Latvia on Mutual Legal Assistance in Criminal Matters,http://www.gpo.gov/fdsys/pkg/CDOC-105tdoc34/html/CDOC-105tdoc34.htm
United States,US,"Mutual Legal Assistance in Criminal Matters with Antigua and Barbuda, 
Dominica, Grenada and St. Lucia",http://www.oas.org/juridico/mla/en/traites/en_traites-mla-usa-lca.pdf
United States,US,Treaty with Belize on Mutual Legal Assistance in Criminal Matters,http://www.gpo.gov/fdsys/pkg/CDOC-107tdoc13/html/CDOC-107tdoc13.htm
United States,US,"Agreement on Mutual Legal Assistance between the European Union and the 
United States of America",http://eur-lex.europa.eu/LexUriServ/LexUriServ.do?uri=OJ:L:2003:181:0034:0042:EN:PDF
United States,US,Agreement on the Abuse and Illicit Trafficking of Drugs,https://www.oas.org/juridico/mla/sp/traites/sp_arg_usa23920.html
United States,US,Mutual Legal Assistance in Criminal Matters with Barbados,http://www.gpo.gov/fdsys/pkg/CDOC-105tdoc23/html/CDOC-105tdoc23.htm
United States,US,Treaty with Sweden on Mutual Legal Assistance in Criminal Matters,http://www.gpo.gov/fdsys/pkg/CDOC-107tdoc12/html/CDOC-107tdoc12.htm
United States,US,Mutual Legal Assistance in Criminal Matters with Trinidad and Tobago,http://www.gpo.gov/fdsys/pkg/CDOC-105tdoc22/html/CDOC-105tdoc22.htm
United States,US,Treaty with Cyprus on Mutual Legal Assistance in Criminal Matters,http://www.gpo.gov/fdsys/pkg/CDOC-106tdoc35/html/CDOC-106tdoc35.htm
United States,US,Mutual Legal Assistance Treaty with Poland,http://www.gpo.gov/fdsys/pkg/CDOC-105tdoc12/html/CDOC-105tdoc12.htm
United States,US,"Agreement Between the Government of Hong Kong and the Government of the 
United States of America Concerning Mutual Legal Assistance in Criminal 
Matters",http://www.legislation.gov.hk/blis_ind.nsf/e1bf50c09a33d3dc482564840019d2f4/67f68f0dc056ed5b4825683a002999d2?OpenDocument
United States,US,Treaty with Russia on Mutual Legal Assistance in Criminal Matters,http://www.gpo.gov/fdsys/pkg/CDOC-106tdoc22/html/CDOC-106tdoc22.htm
United States,US,Mutual Legal Assistance Treaty with Luxembourg,http://www.gpo.gov/fdsys/pkg/CDOC-105tdoc11/html/CDOC-105tdoc11.htm
United States,US,"Agreement with the United States on Mutual Legal Assistance in Criminal 
Matters",http://www.regeringen.se/sb/d/12315/a/139361
United States,US,Treaty with Romania on Mutual Legal Assistance in Criminal Matters,http://www.gpo.gov/fdsys/pkg/CDOC-106tdoc20/html/CDOC-106tdoc20.htm
United States,US,Treaty with Austria on Mutual Legal Assistance in Criminal Matters,http://www.gpo.gov/fdsys/pkg/CDOC-104tdoc21/html/CDOC-104tdoc21.htm
United States,US,"Agreement of 23 June 2005 with the United States on Mutual Legal 
Assistance",https://www.retsinformation.dk/Forms/R0710.aspx?id=130571
United States,US,Treaty with Egypt on Mutual Legal Assistance in Criminal Matters,http://www.gpo.gov/fdsys/pkg/CDOC-106tdoc19/html/CDOC-106tdoc19.htm
United States,US,"Treaty Between the United States of America and the Commonwealth of the 
Bahamas on Mutual Assistance in Criminal Matters",https://www.oas.org/juridico/mla/en/traites/en_traites_bhs-usa.pdf
United States,US,Treaty with Hungary on Mutual Legal Assistance in Criminal Matters,http://www.gpo.gov/fdsys/pkg/CDOC-104tdoc20/html/CDOC-104tdoc20.htm
United States,US,"Treaty with the Hellenic Republic on Mutual Legal Assistance in Criminal 
Matters",http://www.gpo.gov/fdsys/pkg/CDOC-106tdoc18/html/CDOC-106tdoc18.htm
United States,US,Treaty with the Philippines on Mutual Legal Assistance in Criminal Matters,http://www.gpo.gov/fdsys/pkg/CDOC-104tdoc18/html/CDOC-104tdoc18.htm
United States,US,"Treaty Between the Government of the United States of America and the 
Government of Ireland on Mutual Legal Assistance in Criminal Matters",http://www.state.gov/documents/organization/129536.pdf
United States,US,Treaty with Ukraine on Mutual Legal Assistance in Criminal Matters,http://www.gpo.gov/fdsys/pkg/CDOC-106tdoc16/html/CDOC-106tdoc16.htm
United States,US,"Treaty Between the Government of the United States of America and the 
Government of the Federative Republic of Brazil on Mutual Legal Assistance 
in Criminal Matters",http://www.state.gov/documents/organization/106962.pdf
United States,US,"Agreement on Legal Assistance in Criminal Matters Between the Government 
of the Federative Republic of Brazil and the Government of the United 
States of America",http://www.oas.org/juridico/MLA/pt/bra/br_mlat_br_us_en.pdf
United States,US,Mutual Legal Assistance in Criminal Matters,http://www.oas.int/juridico/mla/en/traites/en_traites-mla-usa-brb.pdf
United States,US,"Treaty with the United Kingdom on Mutual Legal Assistance in Criminal 
Matters",http://www.gpo.gov/fdsys/pkg/CDOC-104tdoc2/html/CDOC-104tdoc2.htm
United States,US,"Treaty Between the Government of Australia and the Government of the 
United States of America on Mutual Assistance in Criminal Matters",http://www.austlii.edu.au/au/other/dfat/treaties/1999/19.html
United States,US,"Treaty Between the Government of the United States of America and 
Government of the Respublic of Estonia on Mutual Legal Assistance in 
Criminal Matters",http://www.state.gov/documents/organization/111632.pdf
United States,US,"Mutual Cooperation Agreement for Reducing Demand, Preventing Illicit Use 
and Combating Illicit Production and Trafficking of Drugs",http://www.oas.org/juridico/mla/pt/traites/pt-traites-mla-bra-usa-2242.pdf
United States,US,Mutual Legal Assistance Treaty with Bermuda,http://www.gpo.gov/fdsys/pkg/CDOC-111tdoc6/html/CDOC-111tdoc6.htm
United States,US,"Mutual Legal Assistance Treaty With Switzerland Mutual Assistance in 
Criminal Matters",http://www.rhf.admin.ch/etc/medialib/data/rhf/recht.Par.0010.File.tmp/sr0-351-933-6-e.pdf
United States,US,Treaty with Czech Republic on Mutual Legal Assistance in Criminal Matters,http://www.gpo.gov/fdsys/pkg/CDOC-105tdoc47/html/CDOC-105tdoc47.htm
United States,US,"Treaty with St. Vincent and the Grenadines on Mutual Legal Assistance in 
Criminal Matters",http://www.gpo.gov/fdsys/pkg/CDOC-105tdoc44/html/CDOC-105tdoc44.htm
United States,US,"Extradition Treaty with Bulgaria and an Agreement on Certain Aspects of 
Mutual Legal Assistance in Criminal Matters with Bulgaria",http://www.gpo.gov/fdsys/pkg/CDOC-110tdoc12/html/CDOC-110tdoc12.htm
United States,US,"Extradition Treaty with Romania and Protocol to the Treaty on Mutual Legal 
Assistance in Criminal Matters with Romania",http://www.gpo.gov/fdsys/pkg/CDOC-110tdoc11/html/CDOC-110tdoc11.htm
United States,US,Treaty with Lithuania on Mutual Legal Assistance in Criminal Matters,http://www.gpo.gov/fdsys/pkg/CDOC-105tdoc41/html/CDOC-105tdoc41.htm
United States,US,Treaty with Malaysia on Mutual Legal Assistance,http://www.gpo.gov/fdsys/pkg/CDOC-109tdoc22/html/CDOC-109tdoc22.htm
United States,US,Treaty with Israel on Mutual Legal Assistance in Criminal Matters,http://www.gpo.gov/fdsys/pkg/CDOC-105tdoc40/html/CDOC-105tdoc40.htm
United States,US,"Treaty between the Government of Canada and the Government of the United 
States of America on Mutual Legal Assistance in Criminal Matters",http://www.treaty-accord.gc.ca/text-texte.aspx?id=101638
United States,US,Treaty with Venezuela on Mutual Legal Assistance in Criminal Matters,http://www.gpo.gov/fdsys/pkg/CDOC-105tdoc38/html/CDOC-105tdoc38.htm
United States,US,Mutual Legal Assistance Treaty with Germany,http://www.gpo.gov/fdsys/pkg/CDOC-108tdoc27/html/CDOC-108tdoc27.htm
United States,US,Mutual Legal Assistance Treaty with Japan,http://www.gpo.gov/fdsys/pkg/CDOC-108tdoc12/html/CDOC-108tdoc12.htm
United States,US,Treaty with Canada on Mutual Legal Assistance in Criminal Matters,http://www.state.gov/documents/organization/126977.pdf
United States,US,"Treaty with Saint Kitts and Nevis on Mutual Legal Assistance in Criminal 
Matters",http://www.gpo.gov/fdsys/pkg/CDOC-105tdoc37/html/CDOC-105tdoc37.htm
United States,US,"Treaty on Mutual Legal Assistance in Criminal Matters Between the United 
States of America and France",http://www.state.gov/documents/organization/121413.pdf
United States,US,Treaty with Liechtenstein on Mutual Legal Assistance in Criminal Matters,http://www.gpo.gov/fdsys/pkg/CDOC-107tdoc16/html/CDOC-107tdoc16.htm
Uruguay,UY,Convention on Legal Cooperation,https://www.oas.org/juridico/mla/sp/traites/sp_arg_uruguay22547.html
Uruguay,UY,Convention on the International Protection of Children,https://www.oas.org/juridico/mla/sp/traites/sp_arg_uruguay22546.html
Uruguay,UY,Convention on the Exchange of Information on Criminal Records,https://www.oas.org/juridico/mla/sp/traites/sp_arg_uruguay22332.html
Uruguay,UY,"Agreement on Cooperation for Reducing Demand, Preventing Illicit Use and 
Combating Production and the Illicit Trafficking of Drugs and Psychotropic 
Substances and their Precursors and immediate Chemical Products",http://www.oas.org/juridico/mla/pt/traites/pt-traites-mla-bra-ury-1615.pdf
Uruguay,UY,"Treaty between Canada and the Oriental Republic of Uruguay on Mutual Legal 
Assistance in Criminal Matters",http://www.treaty-accord.gc.ca/text-texte.aspx?id=104615
Uzbekistan,UZ,"Treaty Between The Republic of India and the Republic of Uzbekistan on 
Mutual Legal Assistance in Criminal Matters",http://cbi.nic.in/interpol/mlat/Uzbekistan.pdf
Venezuela,VE,"Agreement on Prevention, Control, Suppression and Repression of the 
Illicit Use and Trafficking of Drugs and Psychotropic Substances",http://www.oas.org/juridico/mla/pt/traites/pt-traites-mla-bra-vnz-99758.pdf
Venezuela,VE,Treaty with Venezuela on Mutual Legal Assistance in Criminal Matters,http://www.gpo.gov/fdsys/pkg/CDOC-105tdoc38/html/CDOC-105tdoc38.htm
Vietnam,VN,"Treaty Between the Government of the Republic of India and the Socialist 
Republic of Vietnam on Mutual Legal Assistance in Criminal Matters",http://cbi.nic.in/interpol/mlat/Vietnam.pdf
Vietnam,VN,"Treaty between the United Kingdom of Great Britain and Northern Ireland 
and the Socialist Republic of Vietnam on Mutual Legal Assistance in 
Criminal Matters",http://webarchive.nationalarchives.gov.uk/20130104161243/http://www.fco.gov.uk/resources/en/pdf/3706546/3892733/21824849/Tr_VietnamMLA_July2010
